CustomerID|CustomerName|Segment|Country|City|State|PostalCode|Region
AA-10315|Alex Avila|Consumer|United States|Minneapolis|Minnesota|55407|Central
AA-10375|Allen Armold|Consumer|United States|Lebanon|Tennessee|37087|South
AA-10480|Andrew Allen|Consumer|United States|Springfield|Missouri|65807|Central
AA-10645|Anna Andreadi|Consumer|United States|Lowell|Massachusetts|1852|East
AB-10015|Aaron Bergman|Consumer|United States|Seattle|Washington|98103|West
AB-10060|Adam Bellavance|Home Office|United States|Seattle|Washington|98105|West
AB-10105|Adrian Barton|Consumer|United States|Henderson|Kentucky|42420|South
AB-10150|Aimee Bixby|Consumer|United States|Dallas|Texas|75220|Central
AB-10165|Alan Barnes|Consumer|United States|Los Angeles|California|90036|West
AB-10255|Alejandro Ballentine|Home Office|United States|Seattle|Washington|98103|West
AB-10600|Ann Blume|Corporate|United States|Tucson|Arizona|85705|West
AC-10420|Alyssa Crouse|Corporate|United States|Philadelphia|Pennsylvania|19120|East
AC-10450|Amy Cox|Consumer|United States|Minneapolis|Minnesota|55407|Central
AC-10615|Ann Chong|Corporate|United States|Seattle|Washington|98115|West
AC-10660|Anna Chung|Consumer|United States|Huntsville|Texas|77340|Central
AD-10180|Alan Dominguez|Home Office|United States|San Francisco|California|94122|West
AF-10870|Art Ferguson|Consumer|United States|Passaic|New Jersey|7055|East
AF-10885|Art Foster|Consumer|United States|Philadelphia|Pennsylvania|19134|East
AG-10270|Alejandro Grove|Consumer|United States|West Jordan|Utah|84084|West
AG-10300|Aleksandra Gannaway|Corporate|United States|Las Vegas|Nevada|89115|West
AG-10330|Alex Grayson|Consumer|United States|Stockton|California|95207|West
AG-10390|Allen Goldenen|Consumer|United States|Arlington|Virginia|22204|South
AG-10495|Andrew Gjertsen|Corporate|United States|Philadelphia|Pennsylvania|19140|East
AG-10525|Andy Gerbode|Corporate|United States|New York City|New York|10011|East
AG-10675|Anna Gayman|Consumer|United States|Houston|Texas|77036|Central
AG-10765|Anthony Garverick|Home Office|United States|Lawrence|Indiana|46226|Central
AG-10900|Arthur Gainer|Consumer|United States|Tucson|Arizona|85705|West
AH-10030|Aaron Hawkins|Corporate|United States|San Francisco|California|94122|West
AH-10075|Adam Hart|Corporate|United States|Huntington Beach|California|92646|West
AH-10120|Adrian Hane|Home Office|United States|Houston|Texas|77036|Central
AH-10195|Alan Haines|Corporate|United States|Chicago|Illinois|60623|Central
AH-10210|Alan Hwang|Consumer|United States|Dallas|Texas|75220|Central
AH-10465|Amy Hunt|Consumer|United States|New York City|New York|10035|East
AH-10585|Angele Hood|Consumer|United States|Miami|Florida|33142|South
AH-10690|Anna Häberlin|Corporate|United States|San Diego|California|92024|West
AI-10855|Arianne Irving|Consumer|United States|Glendale|Arizona|85301|West
AJ-10780|Anthony Jacobs|Corporate|United States|Springfield|Virginia|22153|South
AJ-10795|Anthony Johnson|Corporate|United States|Springfield|Virginia|22153|South
AJ-10945|Ashley Jarboe|Consumer|United States|Wilmington|North Carolina|28403|South
AJ-10960|Astrea Jones|Consumer|United States|New York City|New York|10035|East
AM-10360|Alice McCarthy|Corporate|United States|Grand Prairie|Texas|75051|Central
AM-10705|Anne McFarland|Consumer|United States|Des Plaines|Illinois|60016|Central
AO-10810|Anthony O'Donnell|Corporate|United States|Los Angeles|California|90045|West
AP-10720|Anne Pryor|Home Office|United States|New York City|New York|10011|East
AP-10915|Arthur Prichep|Consumer|United States|Los Angeles|California|90045|West
AR-10345|Alex Russell|Corporate|United States|Houston|Texas|77070|Central
AR-10405|Allen Rosenblatt|Corporate|United States|Hattiesburg|Mississippi|39401|South
AR-10510|Andrew Roberts|Consumer|United States|Columbus|Ohio|43229|East
AR-10540|Andy Reiter|Consumer|United States|Woonsocket|Rhode Island|2895|East
AR-10570|Anemone Ratner|Consumer|United States|Columbus|Georgia|31907|South
AR-10825|Anthony Rawles|Corporate|United States|Concord|California|94521|West
AS-10045|Aaron Smayling|Corporate|United States|Pasadena|California|91104|West
AS-10090|Adam Shillingsburg|Consumer|United States|New York City|New York|10035|East
AS-10135|Adrian Shami|Home Office|United States|Auburn|Washington|98002|West
AS-10225|Alan Schoenberger|Corporate|United States|New York City|New York|10024|East
AS-10240|Alan Shonely|Consumer|United States|Redondo Beach|California|90278|West
AS-10285|Alejandro Savely|Corporate|United States|San Francisco|California|94109|West
AS-10630|Ann Steele|Home Office|United States|Knoxville|Tennessee|37918|South
AT-10435|Alyssa Tate|Home Office|United States|Los Angeles|California|90045|West
AT-10735|Annie Thurman|Consumer|United States|Nashville|Tennessee|37211|South
AW-10840|Anthony Witt|Consumer|United States|Allen|Texas|75002|Central
AW-10930|Arthur Wiediger|Home Office|United States|San Francisco|California|94110|West
AY-10555|Andy Yotov|Corporate|United States|Los Angeles|California|90049|West
AZ-10750|Annie Zypern|Consumer|United States|New York City|New York|10009|East
BB-10990|Barry Blumstein|Corporate|United States|Los Angeles|California|90036|West
BB-11545|Brenda Bowman|Corporate|United States|Houston|Texas|77070|Central
BC-11125|Becky Castell|Home Office|United States|Laguna Niguel|California|92677|West
BD-11320|Bill Donatelli|Consumer|United States|Philadelphia|Pennsylvania|19143|East
BD-11500|Bradley Drucker|Consumer|United States|San Francisco|California|94122|West
BD-11560|Brendan Dodson|Home Office|United States|Fresno|California|93727|West
BD-11605|Brian Dahlen|Consumer|United States|Lancaster|Pennsylvania|17602|East
BD-11620|Brian DeCherney|Consumer|United States|Anaheim|California|92804|West
BD-11635|Brian Derr|Consumer|United States|New York City|New York|10009|East
BD-11725|Bruce Degenhardt|Consumer|United States|Richmond|Kentucky|40475|South
BD-11770|Bryan Davis|Consumer|United States|Edmonds|Washington|98026|West
BE-11335|Bill Eplett|Home Office|United States|San Francisco|California|94122|West
BE-11410|Bobby Elias|Consumer|United States|Appleton|Wisconsin|54915|Central
BE-11455|Brad Eason|Home Office|United States|Providence|Rhode Island|2908|East
BF-10975|Barbara Fisher|Corporate|United States|Vineland|New Jersey|8360|East
BF-11005|Barry Franz|Home Office|United States|Los Angeles|California|90004|West
BF-11020|Barry Französisch|Corporate|United States|Seattle|Washington|98105|West
BF-11080|Bart Folk|Consumer|United States|Montgomery|Alabama|36116|South
BF-11170|Ben Ferrer|Home Office|United States|Atlanta|Georgia|30318|South
BF-11215|Benjamin Farhat|Home Office|United States|Albuquerque|New Mexico|87105|West
BF-11275|Beth Fritzler|Corporate|United States|Columbus|Georgia|31907|South
BG-11035|Barry Gonzalez|Consumer|United States|Greensboro|North Carolina|27405|South
BG-11695|Brooke Gillingham|Corporate|United States|New York City|New York|10009|East
BG-11740|Bruce Geld|Consumer|United States|San Diego|California|92105|West
BH-11710|Brosina Hoffman|Consumer|United States|Hialeah|Florida|33012|South
BK-11260|Berenike Kampe|Consumer|United States|New York City|New York|10035|East
BM-11140|Becky Martin|Consumer|United States|Santa Barbara|California|93101|West
BM-11575|Brendan Murry|Corporate|United States|New York City|New York|10035|East
BM-11650|Brian Moss|Corporate|United States|Lancaster|Ohio|43130|East
BM-11785|Bryan Mills|Consumer|United States|Columbus|Ohio|43229|East
BN-11470|Brad Norvell|Corporate|United States|Brentwood|California|94513|West
BN-11515|Bradley Nguyen|Consumer|United States|Los Angeles|California|90049|West
BO-11350|Bill Overfelt|Corporate|United States|Los Angeles|California|90045|West
BO-11425|Bobby Odegard|Consumer|United States|New York City|New York|10024|East
BP-11050|Barry Pond|Corporate|United States|Plainfield|New Jersey|7060|East
BP-11095|Bart Pistole|Corporate|United States|Los Angeles|California|90049|West
BP-11155|Becky Pak|Consumer|United States|Lancaster|Pennsylvania|17602|East
BP-11185|Ben Peterman|Corporate|United States|Philadelphia|Pennsylvania|19143|East
BP-11230|Benjamin Patterson|Consumer|United States|Spokane|Washington|99207|West
BP-11290|Beth Paige|Consumer|United States|Philadelphia|Pennsylvania|19140|East
BS-11365|Bill Shonely|Corporate|United States|Lakewood|New Jersey|8701|East
BS-11380|Bill Stewart|Corporate|United States|Denver|Colorado|80219|West
BS-11590|Brendan Sweed|Corporate|United States|Gilbert|Arizona|85234|West
BS-11665|Brian Stugart|Consumer|United States|San Diego|California|92105|West
BS-11755|Bruce Stewart|Consumer|United States|Cleveland|Ohio|44105|East
BS-11800|Bryan Spruell|Home Office|United States|New York City|New York|10011|East
BT-11305|Beth Thompson|Home Office|United States|Seattle|Washington|98103|West
BT-11395|Bill Tyler|Corporate|United States|Altoona|Pennsylvania|16602|East
BT-11440|Bobby Trafton|Consumer|United States|New York City|New York|10035|East
BT-11485|Brad Thomas|Home Office|United States|Clinton|Maryland|20735|East
BT-11530|Bradley Talbott|Home Office|United States|Los Angeles|California|90049|West
BT-11680|Brian Thompson|Consumer|United States|Fort Lauderdale|Florida|33311|South
BV-11245|Benjamin Venier|Corporate|United States|Smyrna|Tennessee|37167|South
BW-11065|Barry Weirich|Consumer|United States|Raleigh|North Carolina|27604|South
BW-11110|Bart Watters|Corporate|United States|Greensboro|North Carolina|27405|South
BW-11200|Ben Wallace|Consumer|United States|Los Angeles|California|90032|West
CA-11965|Carol Adams|Corporate|United States|Rapid City|South Dakota|57701|Central
CA-12055|Cathy Armstrong|Home Office|United States|Los Angeles|California|90036|West
CA-12265|Christina Anderson|Consumer|United States|San Francisco|California|94110|West
CA-12310|Christine Abelman|Corporate|United States|Cincinnati|Ohio|45231|East
CA-12775|Cynthia Arntzen|Consumer|United States|Detroit|Michigan|48205|Central
CB-12025|Cassandra Brandow|Consumer|United States|Arlington|Texas|76017|Central
CB-12415|Christy Brittain|Consumer|United States|Lakewood|Ohio|44107|East
CB-12535|Claudia Bergmann|Corporate|United States|Newark|Delaware|19711|East
CC-12100|Chad Cunningham|Home Office|United States|Los Angeles|California|90045|West
CC-12145|Charles Crestani|Consumer|United States|El Paso|Texas|79907|Central
CC-12220|Chris Cortes|Consumer|United States|Philadelphia|Pennsylvania|19143|East
CC-12370|Christopher Conant|Consumer|United States|Los Angeles|California|90045|West
CC-12430|Chuck Clark|Home Office|United States|New York City|New York|10009|East
CC-12475|Cindy Chapman|Consumer|United States|Lakewood|New Jersey|8701|East
CC-12550|Clay Cheatham|Consumer|United States|Plano|Texas|75023|Central
CC-12610|Corey Catlett|Corporate|United States|Houston|Texas|77041|Central
CC-12670|Craig Carreira|Consumer|United States|Seattle|Washington|98103|West
CC-12685|Craig Carroll|Consumer|United States|Greensboro|North Carolina|27405|South
CD-11920|Carlos Daly|Consumer|United States|Wichita|Kansas|67212|Central
CD-11980|Carol Darley|Consumer|United States|Tyler|Texas|75701|Central
CD-12280|Christina DeMoss|Consumer|United States|New York City|New York|10024|East
CD-12790|Cynthia Delaney|Home Office|United States|San Diego|California|92037|West
CG-12040|Catherine Glotzbach|Home Office|United States|Los Angeles|California|90045|West
CG-12520|Claire Gute|Consumer|United States|Henderson|Kentucky|42420|South
CH-12070|Cathy Hwang|Home Office|United States|Detroit|Michigan|48227|Central
CJ-11875|Carl Jackson|Corporate|United States|Philadelphia|Pennsylvania|19140|East
CJ-12010|Caroline Jumper|Consumer|United States|San Francisco|California|94109|West
CK-12205|Chloris Kastensmidt|Consumer|United States|Columbus|Ohio|43229|East
CK-12325|Christine Kargatis|Home Office|United States|Hot Springs|Arkansas|71901|South
CK-12595|Clytie Kelty|Consumer|United States|Marietta|Georgia|30062|South
CK-12760|Cyma Kinney|Corporate|United States|Glendale|Arizona|85301|West
CL-11890|Carl Ludwig|Consumer|United States|Philadelphia|Pennsylvania|19143|East
CL-12565|Clay Ludtke|Consumer|United States|Columbia|South Carolina|29203|South
CL-12700|Craig Leslie|Home Office|United States|New York City|New York|10009|East
CM-11815|Candace McMahon|Corporate|United States|Pasadena|Texas|77506|Central
CM-11935|Carlos Meador|Consumer|United States|Tucson|Arizona|85705|West
CM-12115|Chad McGuire|Consumer|United States|New York City|New York|10011|East
CM-12160|Charles McCrossin|Consumer|United States|Philadelphia|Pennsylvania|19143|East
CM-12190|Charlotte Melton|Consumer|United States|Los Angeles|California|90004|West
CM-12235|Chris McAfee|Consumer|United States|Little Rock|Arkansas|72209|South
CM-12385|Christopher Martinez|Consumer|United States|North Charleston|South Carolina|29406|South
CM-12445|Chuck Magee|Consumer|United States|Houston|Texas|77095|Central
CM-12655|Corinna Mitchell|Home Office|United States|Los Angeles|California|90008|West
CM-12715|Craig Molinari|Corporate|United States|Huntsville|Texas|77340|Central
Co-12640|Corey-Lock|Consumer|United States|Lawton|Oklahoma|73505|Central
CP-12085|Cathy Prescott|Corporate|United States|Norwich|Connecticut|6360|East
CP-12340|Christine Phan|Corporate|United States|Miami|Florida|33142|South
CR-12580|Clay Rozendal|Home Office|United States|Elmhurst|Illinois|60126|Central
CR-12625|Corey Roper|Home Office|United States|Grand Rapids|Michigan|49505|Central
CR-12730|Craig Reiter|Consumer|United States|Columbus|Ohio|43229|East
CR-12820|Cyra Reiten|Home Office|United States|Houston|Texas|77041|Central
CS-11845|Cari Sayre|Corporate|United States|Seattle|Washington|98105|West
CS-11860|Cari Schnelling|Consumer|United States|New York City|New York|10011|East
CS-11950|Carlos Soltero|Consumer|United States|Philadelphia|Pennsylvania|19140|East
CS-12130|Chad Sievert|Consumer|United States|Seattle|Washington|98105|West
CS-12175|Charles Sheldon|Corporate|United States|Columbia|Tennessee|38401|South
CS-12250|Chris Selesnick|Corporate|United States|New York City|New York|10024|East
CS-12355|Christine Sundaresam|Consumer|United States|Roswell|Georgia|30076|South
CS-12400|Christopher Schild|Home Office|United States|Philadelphia|Pennsylvania|19134|East
CS-12460|Chuck Sachs|Consumer|United States|Columbus|Georgia|31907|South
CS-12490|Cindy Schnelling|Corporate|United States|Conroe|Texas|77301|Central
CS-12505|Cindy Stewart|Consumer|United States|Pomona|California|91767|West
CT-11995|Carol Triggs|Consumer|United States|Indianapolis|Indiana|46203|Central
CV-12295|Christina VanderZanden|Consumer|United States|Des Moines|Iowa|50315|Central
CV-12805|Cynthia Voltz|Corporate|United States|New York City|New York|10035|East
CW-11905|Carl Weiss|Home Office|United States|Newark|Delaware|19711|East
CY-12745|Craig Yedwab|Corporate|United States|Oakland|California|94601|West
DA-13450|Dianna Arnett|Home Office|United States|Lancaster|Ohio|43130|East
DB-12910|Daniel Byrd|Home Office|United States|Tampa|Florida|33614|South
DB-12970|Darren Budd|Corporate|United States|New York City|New York|10024|East
DB-13060|Dave Brooks|Consumer|United States|Lakewood|New Jersey|8701|East
DB-13120|David Bremer|Corporate|United States|Marion|Ohio|43302|East
DB-13210|Dean Braden|Consumer|United States|Detroit|Michigan|48234|Central
DB-13270|Deborah Brumfield|Home Office|United States|Portland|Oregon|97206|West
DB-13360|Dennis Bolton|Home Office|United States|New York City|New York|10009|East
DB-13405|Denny Blanton|Consumer|United States|Lawrence|Massachusetts|1841|East
DB-13555|Dorothy Badders|Corporate|United States|Jacksonville|Florida|32216|South
DB-13615|Doug Bickford|Consumer|United States|Tucson|Arizona|85705|West
DB-13660|Duane Benoit|Consumer|United States|Oceanside|New York|11572|East
DC-12850|Dan Campbell|Consumer|United States|Cleveland|Ohio|44105|East
DC-13285|Debra Catini|Consumer|United States|Cottage Grove|Minnesota|55016|Central
DD-13570|Dorothy Dickinson|Consumer|United States|Memphis|Tennessee|38109|South
DE-13255|Deanra Eno|Home Office|United States|Los Angeles|California|90004|West
DF-13135|David Flashing|Consumer|United States|New York City|New York|10009|East
DG-13300|Deirdre Greer|Corporate|United States|New York City|New York|10035|East
DH-13075|Dave Hallsten|Corporate|United States|Los Angeles|California|90045|West
DH-13675|Duane Huffman|Home Office|United States|Quincy|Massachusetts|2169|East
DJ-13420|Denny Joy|Corporate|United States|Milwaukee|Wisconsin|53209|Central
DJ-13510|Don Jones|Corporate|United States|Murfreesboro|Tennessee|37130|South
DJ-13630|Doug Jacobs|Consumer|United States|Portland|Oregon|97206|West
DK-12835|Damala Kotsonis|Corporate|United States|Philadelphia|Pennsylvania|19143|East
DK-12895|Dana Kaydos|Consumer|United States|Rockford|Illinois|61107|Central
DK-12985|Darren Koutras|Consumer|United States|Chicago|Illinois|60610|Central
DK-13090|Dave Kipp|Consumer|United States|Long Beach|New York|11561|East
DK-13150|David Kendrick|Corporate|United States|Decatur|Illinois|62521|Central
DK-13225|Dean Katz|Corporate|United States|San Francisco|California|94109|West
DK-13375|Dennis Kane|Consumer|United States|San Diego|California|92105|West
DL-12865|Dan Lawera|Consumer|United States|Miami|Florida|33142|South
DL-12925|Daniel Lacy|Consumer|United States|Oceanside|California|92054|West
DL-13315|Delfina Latchford|Consumer|United States|Chicago|Illinois|60653|Central
DL-13330|Denise Leinenbach|Consumer|United States|Las Cruces|New Mexico|88001|West
DL-13495|Dionis Lloyd|Corporate|United States|Thousand Oaks|California|91360|West
Dl-13600|Dorris liebe|Corporate|United States|Seattle|Washington|98105|West
DM-12955|Dario Medina|Corporate|United States|Fairfield|Ohio|45014|East
DM-13015|Darrin Martin|Consumer|United States|Encinitas|California|92024|West
DM-13345|Denise Monton|Corporate|United States|San Francisco|California|94109|West
DM-13525|Don Miller|Corporate|United States|New York City|New York|10035|East
DN-13690|Duane Noonan|Consumer|United States|Columbia|Maryland|21044|East
DO-13435|Denny Ordway|Consumer|United States|Pembroke Pines|Florida|33024|South
DO-13645|Doug O'Connell|Consumer|United States|Lawrence|Massachusetts|1841|East
DP-13000|Darren Powers|Consumer|United States|New York City|New York|10035|East
DP-13105|Dave Poirier|Corporate|United States|Salinas|California|93905|West
DP-13165|David Philippe|Consumer|United States|Chicago|Illinois|60610|Central
Dp-13240|Dean percer|Home Office|United States|New York City|New York|10035|East
DP-13390|Dennis Pardue|Home Office|United States|North Las Vegas|Nevada|89031|West
DR-12880|Dan Reichenbach|Corporate|United States|New York City|New York|10009|East
DR-12940|Daniel Raglin|Home Office|United States|Lake Charles|Louisiana|70601|South
DS-13030|Darrin Sayre|Home Office|United States|Aurora|Colorado|80013|West
DS-13180|David Smith|Corporate|United States|Philadelphia|Pennsylvania|19140|East
DV-13045|Darrin Van Huff|Corporate|United States|Philadelphia|Pennsylvania|19143|East
DV-13465|Dianna Vittorini|Consumer|United States|Oceanside|New York|11572|East
DW-13195|David Wiener|Corporate|United States|Houston|Texas|77095|Central
DW-13480|Dianna Wilson|Home Office|United States|San Diego|California|92024|West
DW-13540|Don Weiss|Consumer|United States|Seattle|Washington|98105|West
DW-13585|Dorothy Wardle|Corporate|United States|Troy|Ohio|45373|East
EA-14035|Erin Ashbrook|Corporate|United States|Charlotte|North Carolina|28205|South
EB-13705|Ed Braxton|Corporate|United States|Mansfield|Texas|76063|Central
EB-13750|Edward Becker|Corporate|United States|Seattle|Washington|98103|West
EB-13840|Ellis Ballard|Corporate|United States|Chicago|Illinois|60623|Central
EB-13870|Emily Burns|Consumer|United States|Orem|Utah|84057|West
EB-13930|Eric Barreto|Consumer|United States|Chicago|Illinois|60653|Central
EB-13975|Erica Bern|Corporate|United States|Fairfield|California|94533|West
EB-14110|Eugene Barchas|Consumer|United States|San Jose|California|95123|West
EB-14170|Evan Bailliet|Consumer|United States|Wilmington|North Carolina|28403|South
EC-14050|Erin Creighton|Consumer|United States|Columbus|Georgia|31907|South
ED-13885|Emily Ducich|Home Office|United States|Los Angeles|California|90045|West
EG-13900|Emily Grady|Consumer|United States|Philadelphia|Pennsylvania|19140|East
EH-13765|Edward Hooks|Corporate|United States|Revere|Massachusetts|2151|East
EH-13945|Eric Hoffmann|Consumer|United States|Costa Mesa|California|92627|West
EH-13990|Erica Hackney|Consumer|United States|Roswell|Georgia|30076|South
EH-14005|Erica Hernandez|Home Office|United States|Jonesboro|Arkansas|72401|South
EH-14125|Eugene Hildebrand|Home Office|United States|San Francisco|California|94110|West
EH-14185|Evan Henry|Consumer|United States|New York City|New York|10035|East
EJ-13720|Ed Jacobs|Consumer|United States|San Diego|California|92037|West
EJ-14155|Eva Jacobs|Consumer|United States|Santa Ana|California|92704|West
EK-13795|Eileen Kiefer|Home Office|United States|Escondido|California|92025|West
EL-13735|Ed Ludwig|Home Office|United States|Jefferson City|Missouri|65109|Central
EM-13810|Eleni McCrary|Corporate|United States|Los Angeles|California|90036|West
EM-13825|Elizabeth Moffitt|Corporate|United States|Paterson|New Jersey|7501|East
EM-13960|Eric Murdock|Consumer|United States|Philadelphia|Pennsylvania|19134|East
EM-14065|Erin Mull|Consumer|United States|New York City|New York|10009|East
EM-14095|Eudokia Martin|Corporate|United States|Los Angeles|California|90036|West
EM-14140|Eugene Moren|Home Office|United States|Santa Ana|California|92704|West
EM-14200|Evan Minnotte|Home Office|United States|Virginia Beach|Virginia|23464|South
EN-13780|Edward Nazzal|Consumer|United States|Grand Rapids|Michigan|49505|Central
EP-13915|Emily Phan|Consumer|United States|Dearborn Heights|Michigan|48127|Central
ER-13855|Elpida Rittenbach|Corporate|United States|Charlotte|North Carolina|28205|South
ES-14020|Erica Smith|Consumer|United States|New York City|New York|10035|East
ES-14080|Erin Smith|Corporate|United States|Tucson|Arizona|85705|West
FA-14230|Frank Atkinson|Corporate|United States|Denver|Colorado|80219|West
FC-14245|Frank Carlisle|Home Office|United States|Lakewood|Ohio|44107|East
FC-14335|Fred Chung|Corporate|United States|Albuquerque|New Mexico|87105|West
FG-14260|Frank Gastineau|Home Office|United States|Aurora|Illinois|60505|Central
FH-14275|Frank Hawley|Corporate|United States|Aurora|Illinois|60505|Central
FH-14350|Fred Harton|Consumer|United States|Seattle|Washington|98105|West
FH-14365|Fred Hopkins|Corporate|United States|New York City|New York|10009|East
FM-14215|Filia McAdams|Corporate|United States|Philadelphia|Pennsylvania|19143|East
FM-14290|Frank Merwin|Home Office|United States|Quincy|Massachusetts|2169|East
FM-14380|Fred McMath|Consumer|United States|Detroit|Michigan|48227|Central
FO-14305|Frank Olsen|Consumer|United States|Houston|Texas|77070|Central
FP-14320|Frank Preis|Consumer|United States|Huntsville|Texas|77340|Central
FW-14395|Fred Wasserman|Corporate|United States|Huntsville|Alabama|35810|South
GA-14515|George Ashbrook|Consumer|United States|El Paso|Texas|79907|Central
GA-14725|Guy Armstrong|Consumer|United States|Mount Pleasant|Michigan|48858|Central
GB-14530|George Bell|Corporate|United States|Los Angeles|California|90049|West
GB-14575|Giulietta Baptist|Consumer|United States|Wichita|Kansas|67212|Central
GD-14590|Giulietta Dortch|Corporate|United States|Everett|Washington|98208|West
GG-14650|Greg Guthrie|Corporate|United States|Bristol|Tennessee|37620|South
GH-14410|Gary Hansen|Home Office|United States|Yuma|Arizona|85364|West
GH-14425|Gary Hwang|Consumer|United States|Jacksonville|Florida|32216|South
GH-14485|Gene Hale|Corporate|United States|Dallas|Texas|75081|Central
GH-14665|Greg Hansen|Consumer|United States|Round Rock|Texas|78664|Central
GK-14620|Grace Kelly|Corporate|United States|Los Angeles|California|90049|West
GM-14440|Gary McGarr|Consumer|United States|Los Angeles|California|90049|West
GM-14455|Gary Mitchum|Home Office|United States|Chicago|Illinois|60653|Central
GM-14500|Gene McClure|Consumer|United States|Fresno|California|93727|West
GM-14680|Greg Matthias|Consumer|United States|Seattle|Washington|98105|West
GM-14695|Greg Maxwell|Corporate|United States|Los Angeles|California|90036|West
GP-14740|Guy Phonely|Corporate|United States|Leominster|Massachusetts|1453|East
GR-14560|Georgia Rosenberg|Corporate|United States|San Francisco|California|94110|West
GT-14635|Grant Thornton|Corporate|United States|New York City|New York|10009|East
GT-14710|Greg Tran|Consumer|United States|New York City|New York|10035|East
GT-14755|Guy Thornton|Consumer|United States|Los Angeles|California|90049|West
GW-14605|Giulietta Weimer|Consumer|United States|Seattle|Washington|98115|West
GZ-14470|Gary Zandusky|Consumer|United States|Morristown|New Jersey|7960|East
GZ-14545|George Zrebassa|Corporate|United States|Lawrence|Massachusetts|1841|East
HA-14905|Helen Abelman|Consumer|United States|New York City|New York|10035|East
HA-14920|Helen Andreada|Consumer|United States|Pasadena|California|91104|West
HD-14785|Harold Dahlen|Home Office|United States|Philadelphia|Pennsylvania|19143|East
HE-14800|Harold Engle|Corporate|United States|Milwaukee|Wisconsin|53209|Central
HF-14995|Herbert Flentye|Consumer|United States|Los Angeles|California|90004|West
HG-14845|Harry Greene|Consumer|United States|Lake Charles|Louisiana|70601|South
HG-14965|Henry Goldwyn|Corporate|United States|San Diego|California|92024|West
HG-15025|Hunter Glantz|Consumer|United States|Oceanside|New York|11572|East
HH-15010|Hilary Holden|Corporate|United States|San Francisco|California|94110|West
HJ-14875|Heather Jas|Home Office|United States|Jacksonville|Florida|32216|South
HK-14890|Heather Kirkland|Corporate|United States|Detroit|Michigan|48234|Central
HL-15040|Hunter Lopez|Consumer|United States|Houston|Texas|77095|Central
HM-14860|Harry Marie|Corporate|United States|Los Angeles|California|90049|West
HM-14980|Henry MacAllister|Consumer|United States|Seattle|Washington|98105|West
HP-14815|Harold Pawlan|Home Office|United States|Fort Worth|Texas|76106|Central
HR-14770|Hallie Redmond|Home Office|United States|Jacksonville|Florida|32216|South
HR-14830|Harold Ryan|Corporate|United States|Gilbert|Arizona|85234|West
HW-14935|Helen Wasserman|Corporate|United States|Tulsa|Oklahoma|74133|Central
HZ-14950|Henia Zydlo|Consumer|United States|Houston|Texas|77095|Central
IG-15085|Ivan Gibson|Consumer|United States|Norwich|Connecticut|6360|East
IL-15100|Ivan Liston|Consumer|United States|Houston|Texas|77041|Central
IM-15055|Ionia McGrath|Consumer|United States|Las Vegas|Nevada|89115|West
IM-15070|Irene Maddox|Consumer|United States|New York City|New York|10009|East
JA-15970|Joseph Airdo|Consumer|United States|Phoenix|Arizona|85023|West
JB-15400|Jennifer Braxton|Corporate|United States|Los Angeles|California|90049|West
JB-15925|Joni Blumstein|Consumer|United States|Austin|Texas|78745|Central
JB-16000|Joy Bell-|Consumer|United States|Columbia|Maryland|21044|East
JB-16045|Julia Barnett|Home Office|United States|Columbus|Georgia|31907|South
JC-15340|Jasper Cacioppo|Consumer|United States|Riverside|California|92503|West
JC-15385|Jenna Caffey|Consumer|United States|Kent|Washington|98031|West
JC-15775|John Castell|Consumer|United States|San Antonio|Texas|78207|Central
JC-16105|Julie Creighton|Corporate|United States|Minneapolis|Minnesota|55407|Central
JD-15790|John Dryer|Consumer|United States|Coppell|Texas|75019|Central
JD-15895|Jonathan Doherty|Corporate|United States|Columbia|South Carolina|29203|South
JD-16015|Joy Daniels|Consumer|United States|Seattle|Washington|98115|West
JD-16060|Julia Dunbar|Consumer|United States|San Francisco|California|94109|West
JD-16150|Justin Deggeller|Corporate|United States|Milwaukee|Wisconsin|53209|Central
JE-15475|Jeremy Ellison|Consumer|United States|Houston|Texas|77095|Central
JE-15610|Jim Epp|Corporate|United States|Los Angeles|California|90036|West
JE-15715|Joe Elijah|Consumer|United States|Houston|Texas|77070|Central
JE-15745|Joel Eaton|Consumer|United States|San Diego|California|92037|West
JE-16165|Justin Ellison|Corporate|United States|North Charleston|South Carolina|29406|South
JF-15190|Jamie Frazer|Consumer|United States|Los Angeles|California|90008|West
JF-15295|Jason Fortune-|Consumer|United States|Plano|Texas|75023|Central
JF-15355|Jay Fein|Consumer|United States|San Diego|California|92105|West
JF-15415|Jennifer Ferguson|Consumer|United States|Saint Charles|Missouri|63301|Central
JF-15490|Jeremy Farry|Consumer|United States|Seattle|Washington|98105|West
JF-15565|Jill Fjeld|Consumer|United States|Decatur|Illinois|62521|Central
JG-15115|Jack Garza|Consumer|United States|Des Moines|Washington|98198|West
JG-15160|James Galang|Consumer|United States|New York City|New York|10024|East
JG-15310|Jason Gross|Corporate|United States|Providence|Rhode Island|2908|East
JG-15805|John Grady|Corporate|United States|San Diego|California|92105|West
JH-15430|Jennifer Halladay|Consumer|United States|Burlington|North Carolina|27217|South
JH-15820|John Huston|Consumer|United States|Monroe|North Carolina|28110|South
JH-15910|Jonathan Howell|Consumer|United States|Houston|Texas|77070|Central
JH-15985|Joseph Holt|Consumer|United States|San Francisco|California|94109|West
JH-16180|Justin Hirsh|Consumer|United States|Gresham|Oregon|97030|West
JJ-15445|Jennifer Jackson|Consumer|United States|Chicago|Illinois|60623|Central
JJ-15760|Joel Jenkins|Home Office|United States|Houston|Texas|77036|Central
JK-15205|Jamie Kunitz|Consumer|United States|San Francisco|California|94122|West
JK-15325|Jason Klamczynski|Corporate|United States|Dallas|Texas|75220|Central
JK-15370|Jay Kimmel|Consumer|United States|Huntsville|Alabama|35810|South
JK-15625|Jim Karlsson|Consumer|United States|Olympia|Washington|98502|West
JK-15640|Jim Kriz|Home Office|United States|New York City|New York|10011|East
JK-15730|Joe Kamberova|Consumer|United States|Mobile|Alabama|36608|South
JK-16090|Juliana Krohn|Consumer|United States|Louisville|Kentucky|40214|South
JK-16120|Julie Kriz|Home Office|United States|New York City|New York|10009|East
JL-15130|Jack Lebron|Consumer|United States|Riverside|California|92503|West
JL-15175|James Lanier|Home Office|United States|Chattanooga|Tennessee|37421|South
JL-15235|Janet Lee|Consumer|United States|Chicago|Illinois|60623|Central
JL-15505|Jeremy Lonsdale|Consumer|United States|Aberdeen|South Dakota|57401|Central
JL-15835|John Lee|Consumer|United States|Mission Viejo|California|92691|West
JL-15850|John Lucas|Consumer|United States|Houston|Texas|77095|Central
JM-15250|Janet Martin|Consumer|United States|Charlotte|North Carolina|28205|South
JM-15265|Janet Molinari|Corporate|United States|Los Angeles|California|90036|West
JM-15535|Jessica Myrick|Consumer|United States|Philadelphia|Pennsylvania|19143|East
JM-15580|Jill Matthias|Consumer|United States|Seattle|Washington|98105|West
JM-15655|Jim Mitchum|Corporate|United States|Los Angeles|California|90032|West
JM-15865|John Murray|Consumer|United States|Jamestown|New York|14701|East
JM-16195|Justin MacKendrick|Consumer|United States|San Francisco|California|94109|West
JO-15145|Jack O'Briant|Corporate|United States|Philadelphia|Pennsylvania|19140|East
JO-15280|Jas O'Carroll|Consumer|United States|San Diego|California|92037|West
JO-15550|Jesus Ocampo|Home Office|United States|Chester|Pennsylvania|19013|East
JP-15460|Jennifer Patt|Corporate|United States|Houston|Texas|77041|Central
JP-15520|Jeremy Pistek|Consumer|United States|Port Orange|Florida|32127|South
JP-16135|Julie Prescott|Home Office|United States|San Diego|California|92024|West
JR-15670|Jim Radford|Consumer|United States|Colorado Springs|Colorado|80906|West
JR-15700|Jocasta Rupert|Consumer|United States|Jacksonville|Florida|32216|South
JR-16210|Justin Ritter|Corporate|United States|Springfield|Ohio|45503|East
JS-15595|Jill Stevenson|Corporate|United States|Columbus|Ohio|43229|East
JS-15685|Jim Sink|Corporate|United States|Los Angeles|California|90036|West
JS-15880|John Stevenson|Consumer|United States|Irving|Texas|75061|Central
JS-15940|Joni Sundaresam|Home Office|United States|Philadelphia|Pennsylvania|19134|East
JS-16030|Joy Smith|Consumer|United States|Trenton|Michigan|48183|Central
JW-15220|Jane Waco|Corporate|United States|Lakewood|Ohio|44107|East
JW-15955|Joni Wasserman|Consumer|United States|Louisville|Kentucky|40214|South
JW-16075|Julia West|Consumer|United States|San Francisco|California|94109|West
KA-16525|Kelly Andreada|Consumer|United States|San Diego|California|92037|West
KB-16240|Karen Bern|Corporate|United States|Saint Cloud|Minnesota|56301|Central
KB-16315|Karl Braun|Consumer|United States|Newark|Delaware|19711|East
KB-16405|Katrina Bavinger|Home Office|United States|Apple Valley|California|92307|West
KB-16585|Ken Black|Corporate|United States|Springfield|Oregon|97477|West
KB-16600|Ken Brennan|Corporate|United States|Houston|Texas|77041|Central
KC-16255|Karen Carlisle|Corporate|United States|New York City|New York|10009|East
KC-16540|Kelly Collister|Consumer|United States|Newark|Ohio|43055|East
KC-16675|Kimberly Carter|Corporate|United States|Tallahassee|Florida|32303|South
KD-16270|Karen Daniels|Consumer|United States|Los Angeles|California|90032|West
KD-16345|Katherine Ducich|Consumer|United States|New York City|New York|10009|East
KD-16495|Keith Dawkins|Corporate|United States|New York City|New York|10024|East
KD-16615|Ken Dana|Corporate|United States|Scottsdale|Arizona|85254|West
KE-16420|Katrina Edelman|Corporate|United States|Philadelphia|Pennsylvania|19134|East
KF-16285|Karen Ferguson|Home Office|United States|Plainfield|New Jersey|7060|East
KH-16330|Katharine Harms|Corporate|United States|Revere|Massachusetts|2151|East
KH-16360|Katherine Hughes|Consumer|United States|Philadelphia|Pennsylvania|19143|East
KH-16510|Keith Herrera|Consumer|United States|Arlington|Virginia|22204|South
KH-16630|Ken Heidel|Corporate|United States|Clinton|Maryland|20735|East
KH-16690|Kristen Hastings|Corporate|United States|Riverside|California|92503|West
KL-16555|Kelly Lampkin|Corporate|United States|Colorado Springs|Colorado|80906|West
KL-16645|Ken Lonsdale|Consumer|United States|Dublin|California|94568|West
KM-16225|Kalyca Meade|Corporate|United States|New York City|New York|10011|East
KM-16375|Katherine Murray|Home Office|United States|Houston|Texas|77070|Central
KM-16660|Khloe Miller|Consumer|United States|Roswell|Georgia|30076|South
KM-16720|Kunst Miller|Consumer|United States|Avondale|Arizona|85323|West
KN-16390|Katherine Nockton|Corporate|United States|Los Angeles|California|90004|West
KN-16450|Kean Nguyen|Corporate|United States|Baltimore|Maryland|21215|East
KN-16705|Kristina Nunn|Home Office|United States|Auburn|Alabama|36830|South
KS-16300|Karen Seio|Corporate|United States|Columbus|Georgia|31907|South
KT-16465|Kean Takahito|Consumer|United States|Raleigh|North Carolina|27604|South
KT-16480|Kean Thornton|Consumer|United States|Orange|New Jersey|7050|East
KW-16435|Katrina Willman|Consumer|United States|Florence|Kentucky|41042|South
KW-16570|Kelly Williams|Consumer|United States|Kirkwood|Missouri|63122|Central
LA-16780|Laura Armstrong|Corporate|United States|Los Angeles|California|90004|West
LB-16735|Larry Blacks|Consumer|United States|Tallahassee|Florida|32303|South
LB-16795|Laurel Beltran|Home Office|United States|Apopka|Florida|32712|South
LC-16870|Lena Cacioppo|Consumer|United States|San Francisco|California|94109|West
LC-16885|Lena Creighton|Consumer|United States|Roseville|California|95661|West
LC-16930|Linda Cazamias|Corporate|United States|Phoenix|Arizona|85023|West
LC-16960|Lindsay Castell|Home Office|United States|San Diego|California|92037|West
LC-17050|Liz Carlisle|Consumer|United States|Dallas|Texas|75217|Central
LC-17140|Logan Currie|Consumer|United States|Philadelphia|Pennsylvania|19140|East
LD-16855|Lela Donovan|Corporate|United States|Chicago|Illinois|60653|Central
LD-17005|Lisa DeCherney|Consumer|United States|New York City|New York|10011|East
LE-16810|Laurel Elliston|Consumer|United States|Newark|Delaware|19711|East
LF-17185|Luke Foster|Consumer|United States|San Antonio|Texas|78207|Central
LH-16750|Larry Hughes|Consumer|United States|Charlotte|North Carolina|28205|South
LH-16900|Lena Hernandez|Consumer|United States|Columbus|Georgia|31907|South
LH-17020|Lisa Hazard|Consumer|United States|San Francisco|California|94122|West
LH-17155|Logan Haushalter|Consumer|United States|Los Angeles|California|90008|West
LL-16840|Lauren Leatherbury|Consumer|United States|Lafayette|Louisiana|70506|South
LM-17065|Liz MacKendrick|Consumer|United States|Auburn|New York|13021|East
LO-17170|Lori Olson|Corporate|United States|New York City|New York|10035|East
LP-17080|Liz Pelletier|Consumer|United States|Tucson|Arizona|85705|West
LP-17095|Liz Preis|Consumer|United States|Lafayette|Indiana|47905|Central
LR-16915|Lena Radford|Consumer|United States|Nashville|Tennessee|37211|South
LR-17035|Lisa Ryan|Corporate|United States|Philadelphia|Pennsylvania|19134|East
LS-16945|Linda Southworth|Corporate|United States|San Francisco|California|94110|West
LS-16975|Lindsay Shagiari|Home Office|United States|Los Angeles|California|90004|West
LS-17200|Luke Schmidt|Corporate|United States|Fresno|California|93727|West
LS-17230|Lycoris Saunders|Consumer|United States|Dover|Delaware|19901|East
LS-17245|Lynn Smith|Consumer|United States|Houston|Texas|77036|Central
LT-16765|Larry Tron|Consumer|United States|Escondido|California|92025|West
LT-17110|Liz Thompson|Consumer|United States|Jacksonville|North Carolina|28540|South
LW-16825|Laurel Workman|Corporate|United States|Deltona|Florida|32725|South
LW-16990|Lindsay Williams|Corporate|United States|Henderson|Nevada|89015|West
LW-17125|Liz Willingham|Consumer|United States|Norwich|Connecticut|6360|East
LW-17215|Luke Weiss|Consumer|United States|Fort Collins|Colorado|80525|West
MA-17560|Matt Abelman|Home Office|United States|Houston|Texas|77095|Central
MA-17995|Michelle Arnett|Home Office|United States|Cheyenne|Wyoming|82001|West
MB-17305|Maria Bertelson|Consumer|United States|Citrus Heights|California|95610|West
MB-18085|Mick Brown|Consumer|United States|Los Angeles|California|90049|West
MC-17275|Marc Crier|Consumer|United States|Lafayette|Louisiana|70506|South
MC-17425|Mark Cousins|Corporate|United States|New York City|New York|10035|East
MC-17575|Matt Collins|Consumer|United States|Cincinnati|Ohio|45231|East
MC-17590|Matt Collister|Corporate|United States|San Marcos|Texas|78666|Central
MC-17605|Matt Connell|Corporate|United States|Detroit|Michigan|48234|Central
MC-17635|Matthew Clasen|Corporate|United States|Richmond|Indiana|47374|Central
MC-17845|Michael Chen|Consumer|United States|New York City|New York|10035|East
MC-18100|Mick Crebagga|Consumer|United States|Chicago|Illinois|60623|Central
MC-18130|Mike Caudle|Corporate|United States|Los Angeles|California|90004|West
MD-17350|Maribeth Dona|Consumer|United States|Lancaster|Ohio|43130|East
MD-17860|Michael Dominguez|Corporate|United States|Corpus Christi|Texas|78415|Central
ME-17320|Maria Etezadi|Home Office|United States|Santa Barbara|California|93101|West
ME-17725|Max Engle|Consumer|United States|Seattle|Washington|98103|West
ME-18010|Michelle Ellison|Corporate|United States|Port Arthur|Texas|77642|Central
MF-17665|Maureen Fritzler|Corporate|United States|Phoenix|Arizona|85023|West
MF-18250|Monica Federle|Corporate|United States|Houston|Texas|77095|Central
MG-17650|Matthew Grinstein|Home Office|United States|Milwaukee|Wisconsin|53209|Central
MG-17680|Maureen Gastineau|Home Office|United States|Los Angeles|California|90049|West
MG-17695|Maureen Gnade|Consumer|United States|Buffalo|New York|14215|East
MG-17875|Michael Grace|Home Office|United States|Arlington|Virginia|22204|South
MG-17890|Michael Granlund|Home Office|United States|San Diego|California|92024|West
MG-18145|Mike Gockenbach|Consumer|United States|Plano|Texas|75023|Central
MG-18205|Mitch Gastineau|Corporate|United States|Jacksonville|Florida|32216|South
MH-17290|Marc Harrigan|Home Office|United States|Los Angeles|California|90036|West
MH-17440|Mark Haberlin|Corporate|United States|Escondido|California|92025|West
MH-17455|Mark Hamilton|Consumer|United States|New York City|New York|10011|East
MH-17620|Matt Hagelstein|Corporate|United States|San Diego|California|92105|West
MH-17785|Maya Herman|Corporate|United States|Glendale|Arizona|85301|West
MH-18025|Michelle Huthwaite|Consumer|United States|Chicago|Illinois|60623|Central
MH-18115|Mick Hernandez|Home Office|United States|Philadelphia|Pennsylvania|19140|East
MJ-17740|Max Jones|Consumer|United States|Seattle|Washington|98115|West
MK-17905|Michael Kennedy|Corporate|United States|Franklin|Wisconsin|53132|Central
MK-18160|Mike Kennedy|Consumer|United States|Newport News|Virginia|23602|South
ML-17395|Marina Lichtenstein|Corporate|United States|Murfreesboro|Tennessee|37130|South
ML-17410|Maris LaWare|Consumer|United States|Philadelphia|Pennsylvania|19143|East
ML-17755|Max Ludwig|Home Office|United States|Stockton|California|95207|West
ML-18040|Michelle Lonsdale|Corporate|United States|Missouri City|Texas|77489|Central
ML-18265|Muhammed Lee|Consumer|United States|Seattle|Washington|98103|West
MM-17260|Magdelene Morse|Consumer|United States|Seattle|Washington|98105|West
MM-17920|Michael Moore|Consumer|United States|Philadelphia|Pennsylvania|19120|East
MM-18055|Michelle Moray|Consumer|United States|New York City|New York|10024|East
MM-18280|Muhammed MacIntyre|Corporate|United States|Seattle|Washington|98103|West
MN-17935|Michael Nguyen|Consumer|United States|El Paso|Texas|79907|Central
MO-17500|Mary O'Rourke|Consumer|United States|Freeport|New York|11520|East
MO-17800|Meg O'Connel|Home Office|United States|Los Angeles|California|90036|West
MO-17950|Michael Oakman|Consumer|United States|Jacksonville|North Carolina|28540|South
MP-17470|Mark Packer|Home Office|United States|Moorhead|Minnesota|56560|Central
MP-17965|Michael Paige|Corporate|United States|Middletown|Connecticut|6457|East
MP-18175|Mike Pelletier|Home Office|United States|San Francisco|California|94110|West
MR-17545|Mathew Reese|Home Office|United States|Houston|Texas|77095|Central
MS-17365|Maribeth Schnelling|Consumer|United States|Boca Raton|Florida|33433|South
MS-17530|MaryBeth Skach|Consumer|United States|Conway|Arkansas|72032|South
MS-17710|Maurice Satty|Consumer|United States|Detroit|Michigan|48205|Central
MS-17770|Maxwell Schwartz|Consumer|United States|San Francisco|California|94109|West
MS-17830|Melanie Seite|Consumer|United States|Rochester|New York|14609|East
MS-17980|Michael Stewart|Corporate|United States|Philadelphia|Pennsylvania|19134|East
MT-17815|Meg Tillman|Consumer|United States|Port Arthur|Texas|77642|Central
MT-18070|Michelle Tran|Home Office|United States|Tulsa|Oklahoma|74133|Central
MV-17485|Mark Van Huff|Consumer|United States|Mesa|Arizona|85204|West
MV-18190|Mike Vittorini|Consumer|United States|San Bernardino|California|92404|West
MW-18220|Mitch Webber|Consumer|United States|Philadelphia|Pennsylvania|19140|East
MW-18235|Mitch Willingham|Corporate|United States|Virginia Beach|Virginia|23464|South
MY-17380|Maribeth Yedwab|Corporate|United States|Parker|Colorado|80134|West
MY-18295|Muhammed Yedwab|Corporate|United States|Philadelphia|Pennsylvania|19140|East
MZ-17335|Maria Zettner|Home Office|United States|Seattle|Washington|98105|West
MZ-17515|Mary Zewe|Corporate|United States|Seattle|Washington|98115|West
NB-18580|Nicole Brennan|Corporate|United States|Philadelphia|Pennsylvania|19134|East
NB-18655|Nona Balk|Corporate|United States|Paterson|New Jersey|7501|East
NC-18340|Nat Carroll|Consumer|United States|Lansing|Michigan|48911|Central
NC-18415|Nathan Cano|Consumer|United States|Fort Worth|Texas|76106|Central
NC-18535|Nick Crebassa|Corporate|United States|Dallas|Texas|75217|Central
NC-18625|Noah Childs|Corporate|United States|Columbus|Indiana|47201|Central
ND-18370|Natalie DeCherney|Consumer|United States|New York City|New York|10035|East
ND-18460|Neil Ducich|Corporate|United States|Mount Vernon|New York|10550|East
NF-18385|Natalie Fritzler|Consumer|United States|Decatur|Illinois|62521|Central
NF-18475|Neil Französisch|Home Office|United States|Jacksonville|Florida|32216|South
NF-18595|Nicole Fjeld|Home Office|United States|Seattle|Washington|98105|West
NG-18355|Nat Gilpin|Corporate|United States|Fairfield|Connecticut|6824|East
NG-18430|Nathan Gelder|Consumer|United States|Austin|Texas|78745|Central
NH-18610|Nicole Hansen|Corporate|United States|Detroit|Michigan|48227|Central
NK-18490|Neil Knudson|Home Office|United States|Corpus Christi|Texas|78415|Central
NL-18310|Nancy Lomonaco|Home Office|United States|Los Angeles|California|90045|West
NM-18445|Nathan Mautz|Home Office|United States|Concord|California|94521|West
NM-18520|Neoma Murray|Consumer|United States|Riverside|California|92503|West
NP-18325|Naresj Patel|Consumer|United States|San Francisco|California|94122|West
NP-18670|Nora Paige|Consumer|United States|Edmond|Oklahoma|73034|Central
NP-18685|Nora Pelletier|Home Office|United States|Wilson|North Carolina|27893|South
NP-18700|Nora Preis|Consumer|United States|Denver|Colorado|80219|West
NR-18550|Nick Radford|Consumer|United States|Perth Amboy|New Jersey|8861|East
NS-18505|Neola Schneider|Consumer|United States|San Jose|California|95123|West
NS-18640|Noel Staavos|Corporate|United States|Carlsbad|New Mexico|88220|West
NW-18400|Natalie Webber|Consumer|United States|Mobile|Alabama|36608|South
NZ-18565|Nick Zandusky|Home Office|United States|Seattle|Washington|98115|West
ON-18715|Odella Nelson|Corporate|United States|Denver|Colorado|80219|West
OT-18730|Olvera Toch|Consumer|United States|Detroit|Michigan|48234|Central
PA-19060|Pete Armstrong|Home Office|United States|Richmond|Indiana|47374|Central
PB-18805|Patrick Bzostek|Home Office|United States|Seattle|Washington|98115|West
PB-19105|Peter Bühler|Consumer|United States|Houston|Texas|77095|Central
PB-19150|Philip Brown|Consumer|United States|New York City|New York|10009|East
PB-19210|Phillip Breyer|Corporate|United States|Philadelphia|Pennsylvania|19134|East
PC-18745|Pamela Coakley|Corporate|United States|Watertown|New York|13601|East
PC-19000|Pauline Chand|Home Office|United States|Chandler|Arizona|85224|West
PF-19120|Peter Fuller|Consumer|United States|San Antonio|Texas|78207|Central
PF-19165|Philip Fox|Consumer|United States|Oakland|California|94601|West
PF-19225|Phillip Flathmann|Consumer|United States|San Francisco|California|94122|West
PG-18820|Patrick Gardner|Consumer|United States|Smyrna|Georgia|30080|South
PG-18895|Paul Gonzalez|Consumer|United States|New York City|New York|10035|East
PH-18790|Patricia Hirasaki|Home Office|United States|Lakeland|Florida|33801|South
PJ-18835|Patrick Jones|Corporate|United States|Springfield|Virginia|22153|South
PJ-19015|Pauline Johnson|Consumer|United States|Miami|Florida|33180|South
PK-18910|Paul Knutson|Home Office|United States|Philadelphia|Pennsylvania|19143|East
PK-19075|Pete Kriz|Consumer|United States|Columbus|Ohio|43229|East
PL-18925|Paul Lucas|Home Office|United States|Los Angeles|California|90049|West
PM-18940|Paul MacIntyre|Consumer|United States|Jackson|Michigan|49201|Central
PM-19135|Peter McVee|Home Office|United States|Jacksonville|Florida|32216|South
PN-18775|Parhena Norris|Home Office|United States|New York City|New York|10009|East
PO-18850|Patrick O'Brill|Consumer|United States|Mansfield|Texas|76063|Central
PO-18865|Patrick O'Donnell|Consumer|United States|New York City|New York|10009|East
PO-19180|Philisse Overcash|Home Office|United States|Kenosha|Wisconsin|53142|Central
PO-19195|Phillina Ober|Home Office|United States|Bayonne|New Jersey|7002|East
PP-18955|Paul Prost|Home Office|United States|Hollywood|Florida|33021|South
PR-18880|Patrick Ryan|Consumer|United States|Oakland|California|94601|West
PS-18760|Pamela Stobb|Consumer|United States|San Antonio|Texas|78207|Central
PS-18970|Paul Stevenson|Home Office|United States|Chicago|Illinois|60610|Central
PS-19045|Penelope Sewall|Home Office|United States|New York City|New York|10011|East
PT-19090|Pete Takahito|Consumer|United States|Houston|Texas|77070|Central
PV-18985|Paul Van Hugh|Home Office|United States|Cambridge|Massachusetts|2138|East
PW-19030|Pauline Webber|Corporate|United States|Richmond|Kentucky|40475|South
PW-19240|Pierre Wener|Consumer|United States|Columbia|Maryland|21044|East
QJ-19255|Quincy Jones|Corporate|United States|Springfield|Virginia|22153|South
RA-19285|Ralph Arnett|Consumer|United States|San Diego|California|92037|West
RA-19885|Ruben Ausman|Corporate|United States|Columbus|Georgia|31907|South
RA-19915|Russell Applegate|Consumer|United States|Columbus|Indiana|47201|Central
RA-19945|Ryan Akin|Consumer|United States|Dallas|Texas|75217|Central
RB-19330|Randy Bradley|Consumer|United States|Philadelphia|Pennsylvania|19143|East
RB-19360|Raymond Buch|Consumer|United States|Nashville|Tennessee|37211|South
RB-19435|Richard Bierner|Consumer|United States|Springfield|Virginia|22153|South
RB-19465|Rick Bensley|Home Office|United States|Fremont|Nebraska|68025|Central
RB-19570|Rob Beeghly|Consumer|United States|Chicago|Illinois|60610|Central
RB-19645|Robert Barroso|Corporate|United States|Memphis|Tennessee|38109|South
RB-19705|Roger Barcio|Home Office|United States|Houston|Texas|77070|Central
RB-19795|Ross Baird|Home Office|United States|Gastonia|North Carolina|28052|South
RC-19825|Roy Collins|Consumer|United States|Pasadena|California|91104|West
RC-19960|Ryan Crowe|Consumer|United States|Springfield|Oregon|97477|West
RD-19480|Rick Duston|Consumer|United States|San Francisco|California|94122|West
RD-19585|Rob Dowd|Consumer|United States|Detroit|Michigan|48205|Central
RD-19660|Robert Dilbeck|Home Office|United States|Philadelphia|Pennsylvania|19134|East
RD-19720|Roger Demir|Consumer|United States|Daytona Beach|Florida|32114|South
RD-19810|Ross DeVincentis|Home Office|United States|Houston|Texas|77070|Central
RD-19900|Ruben Dartt|Consumer|United States|Carlsbad|New Mexico|88220|West
RD-19930|Russell D'Ascenzo|Consumer|United States|Chicago|Illinois|60623|Central
RE-19405|Ricardo Emerson|Consumer|United States|Kent|Ohio|44240|East
RE-19450|Richard Eichhorn|Consumer|United States|Oakland|California|94601|West
RF-19345|Randy Ferguson|Corporate|United States|Marietta|Georgia|30062|South
RF-19735|Roland Fjeld|Consumer|United States|San Diego|California|92105|West
RF-19840|Roy Französisch|Consumer|United States|New York City|New York|10024|East
RH-19495|Rick Hansen|Consumer|United States|Denver|Colorado|80219|West
RH-19510|Rick Huthwaite|Home Office|United States|Manhattan|Kansas|66502|Central
RH-19555|Ritsa Hightower|Consumer|United States|Charlotte|North Carolina|28205|South
RH-19600|Rob Haberlin|Consumer|United States|Carol Stream|Illinois|60188|Central
RK-19300|Ralph Kennedy|Consumer|United States|Rochester|New York|14609|East
RL-19615|Rob Lucas|Consumer|United States|Montgomery|Alabama|36116|South
RM-19375|Raymond Messe|Consumer|United States|Burlington|Vermont||East
RM-19675|Robert Marley|Home Office|United States|Monroe|Louisiana|71203|South
RM-19750|Roland Murray|Consumer|United States|New York City|New York|10011|East
RO-19780|Rose O'Brian|Consumer|United States|Clarksville|Tennessee|37042|South
RP-19270|Rachel Payne|Corporate|United States|Seattle|Washington|98115|West
RP-19390|Resi Pölking|Consumer|United States|Cleveland|Ohio|44105|East
RP-19855|Roy Phan|Corporate|United States|Seattle|Washington|98103|West
RR-19315|Ralph Ritter|Consumer|United States|San Francisco|California|94110|West
RR-19525|Rick Reed|Corporate|United States|Lowell|Massachusetts|1852|East
RS-19420|Ricardo Sperren|Corporate|United States|Meriden|Connecticut|6450|East
RS-19765|Roland Schwarz|Corporate|United States|Mount Vernon|New York|10550|East
RS-19870|Roy Skaria|Home Office|United States|Burlington|Iowa|52601|Central
RW-19540|Rick Wilson|Corporate|United States|Seattle|Washington|98103|West
RW-19630|Rob Williams|Corporate|United States|Seattle|Washington|98105|West
RW-19690|Robert Waldorf|Consumer|United States|Los Angeles|California|90049|West
SA-20830|Sue Ann Reed|Consumer|United States|Redmond|Oregon|97756|West
SB-20170|Sarah Bern|Consumer|United States|Los Angeles|California|90032|West
SB-20185|Sarah Brown|Consumer|United States|Evanston|Illinois|60201|Central
SB-20290|Sean Braxton|Corporate|United States|San Diego|California|92024|West
SC-20020|Sam Craven|Consumer|United States|Plano|Texas|75023|Central
SC-20050|Sample Company A|Home Office|United States|Hialeah|Florida|33012|South
SC-20095|Sanjit Chand|Consumer|United States|Concord|California|94521|West
SC-20230|Scot Coram|Corporate|United States|Seattle|Washington|98105|West
SC-20260|Scott Cohen|Corporate|United States|San Francisco|California|94122|West
SC-20305|Sean Christensen|Consumer|United States|Philadelphia|Pennsylvania|19140|East
SC-20380|Shahid Collister|Consumer|United States|Seattle|Washington|98115|West
SC-20440|Shaun Chance|Corporate|United States|Philadelphia|Pennsylvania|19140|East
SC-20575|Sonia Cooley|Consumer|United States|Mishawaka|Indiana|46544|Central
SC-20680|Steve Carroll|Home Office|United States|San Francisco|California|94110|West
SC-20695|Steve Chapman|Corporate|United States|Richmond|Indiana|47374|Central
SC-20725|Steven Cartwright|Consumer|United States|Peoria|Arizona|85345|West
SC-20770|Stewart Carmichael|Corporate|United States|San Antonio|Texas|78207|Central
SC-20800|Stuart Calhoun|Consumer|United States|Houston|Texas|77041|Central
SC-20845|Sung Chung|Consumer|United States|Arlington Heights|Illinois|60004|Central
SD-20485|Shirley Daniels|Home Office|United States|Midland|Michigan|48640|Central
SE-20110|Sanjit Engle|Consumer|United States|New York City|New York|10009|East
SF-20065|Sandra Flanagan|Consumer|United States|Dallas|Texas|75220|Central
SF-20200|Sarah Foster|Consumer|United States|Bellingham|Washington|98226|West
SF-20965|Sylvia Foulston|Corporate|United States|Philadelphia|Pennsylvania|19134|East
SG-20080|Sandra Glassco|Consumer|United States|Redlands|California|92374|West
SG-20470|Sheri Gordon|Consumer|United States|Wilson|North Carolina|27893|South
SG-20605|Speros Goranitis|Consumer|United States|New York City|New York|10009|East
SG-20890|Susan Gilcrest|Corporate|United States|Amarillo|Texas|79109|Central
SH-19975|Sally Hughsby|Corporate|United States|New York City|New York|10011|East
SH-20395|Shahid Hopkins|Consumer|United States|Cuyahoga Falls|Ohio|44221|East
SH-20635|Stefanie Holloman|Corporate|United States|Jackson|Tennessee|38301|South
SJ-20125|Sanjit Jacobs|Home Office|United States|Houston|Texas|77036|Central
SJ-20215|Sarah Jordon|Consumer|United States|Grand Prairie|Texas|75051|Central
SJ-20500|Shirley Jackson|Consumer|United States|Newark|Delaware|19711|East
SK-19990|Sally Knutson|Consumer|United States|Fairfield|Connecticut|6824|East
SL-20155|Sara Luxemburg|Home Office|United States|Durham|North Carolina|27707|South
SM-20005|Sally Matthias|Consumer|United States|Houston|Texas|77041|Central
SM-20320|Sean Miller|Home Office|United States|Monroe|North Carolina|28110|South
SM-20905|Susan MacKendrick|Consumer|United States|Newark|Ohio|43055|East
SM-20950|Suzanne McNair|Corporate|United States|Broomfield|Colorado|80020|West
SN-20560|Skye Norling|Home Office|United States|Los Angeles|California|90008|West
SN-20710|Steve Nguyen|Home Office|United States|Covington|Washington|98042|West
SO-20335|Sean O'Donnell|Consumer|United States|Fort Lauderdale|Florida|33311|South
SP-20545|Sibella Parks|Corporate|United States|New York City|New York|10024|East
SP-20620|Stefania Perrino|Corporate|United States|Philadelphia|Pennsylvania|19134|East
SP-20650|Stephanie Phelps|Corporate|United States|Akron|Ohio|44312|East
SP-20860|Sung Pak|Corporate|United States|Los Angeles|California|90045|West
SP-20920|Susan Pistek|Consumer|United States|San Francisco|California|94109|West
SR-20425|Sharelle Roach|Home Office|United States|Louisville|Colorado|80027|West
SR-20740|Steven Roelle|Home Office|United States|New York City|New York|10024|East
SS-20140|Saphhira Shifley|Corporate|United States|Warwick|Rhode Island|2886|East
SS-20410|Shahid Shariari|Consumer|United States|Georgetown|Kentucky|40324|South
SS-20515|Shirley Schmidt|Home Office|United States|Franklin|Wisconsin|53132|Central
SS-20590|Sonia Sunley|Consumer|United States|San Francisco|California|94109|West
SS-20875|Sung Shariari|Consumer|United States|Dallas|Texas|75220|Central
ST-20530|Shui Tom|Consumer|United States|Philadelphia|Pennsylvania|19140|East
SU-20665|Stephanie Ulpright|Home Office|United States|Jackson|Mississippi|39212|South
SV-20365|Seth Vernon|Consumer|United States|Philadelphia|Pennsylvania|19134|East
SV-20785|Stewart Visinsky|Consumer|United States|Pueblo|Colorado|81001|West
SV-20815|Stuart Van|Corporate|United States|Indianapolis|Indiana|46203|Central
SV-20935|Susan Vittorini|Consumer|United States|New York City|New York|10009|East
SW-20245|Scot Wooten|Consumer|United States|Troy|New York|12180|East
SW-20275|Scott Williamson|Consumer|United States|New York City|New York|10035|East
SW-20350|Sean Wendt|Home Office|United States|Detroit|Michigan|48227|Central
SW-20455|Shaun Weien|Consumer|United States|Tampa|Florida|33614|South
SW-20755|Steven Ward|Corporate|United States|Seattle|Washington|98115|West
SZ-20035|Sam Zeldin|Home Office|United States|Grand Prairie|Texas|75051|Central
TA-21385|Tom Ashbrook|Home Office|United States|New York City|New York|10035|East
TB-21055|Ted Butterfield|Consumer|United States|Quincy|Massachusetts|2169|East
TB-21175|Thomas Boland|Corporate|United States|Wilson|North Carolina|27893|South
TB-21190|Thomas Brumley|Home Office|United States|Fayetteville|Arkansas|72701|South
TB-21250|Tim Brockman|Consumer|United States|Los Angeles|California|90049|West
TB-21280|Toby Braunhardt|Consumer|United States|Norman|Oklahoma|73071|Central
TB-21355|Todd Boyes|Corporate|United States|Houston|Texas|77041|Central
TB-21400|Tom Boeckenhauer|Consumer|United States|Seattle|Washington|98103|West
TB-21520|Tracy Blumstein|Consumer|United States|New York City|New York|10009|East
TB-21595|Troy Blackwell|Consumer|United States|Columbus|Indiana|47201|Central
TB-21625|Trudy Brown|Consumer|United States|Wichita|Kansas|67212|Central
TC-20980|Tamara Chand|Corporate|United States|Houston|Texas|77041|Central
TC-21145|Theresa Coyne|Corporate|United States|Lakewood|New Jersey|8701|East
TC-21295|Toby Carlisle|Consumer|United States|Westminster|California|92683|West
TC-21475|Tony Chapman|Home Office|United States|Bolingbrook|Illinois|60440|Central
TC-21535|Tracy Collins|Home Office|United States|Los Angeles|California|90049|West
TD-20995|Tamara Dahlen|Consumer|United States|Portland|Oregon|97206|West
TG-21310|Toby Gnade|Consumer|United States|Mesa|Arizona|85204|West
TG-21640|Trudy Glocke|Consumer|United States|Long Beach|California|90805|West
TH-21100|Thea Hendricks|Consumer|United States|Glendale|Arizona|85301|West
TH-21115|Thea Hudgings|Corporate|United States|Houston|Texas|77070|Central
TH-21235|Tiffany House|Corporate|United States|Yuma|Arizona|85364|West
TH-21550|Tracy Hopkins|Home Office|United States|New York City|New York|10035|East
TM-21010|Tamara Manning|Consumer|United States|Jackson|Mississippi|39212|South
TM-21490|Tony Molinari|Consumer|United States|San Francisco|California|94110|West
TN-21040|Tanja Norvell|Home Office|United States|Manteca|California|95336|West
TP-21130|Theone Pippenger|Consumer|United States|Naperville|Illinois|60540|Central
TP-21415|Tom Prescott|Consumer|United States|Houston|Texas|77070|Central
TP-21565|Tracy Poddar|Corporate|United States|Grand Prairie|Texas|75051|Central
TR-21325|Toby Ritter|Consumer|United States|San Francisco|California|94122|West
TS-21085|Thais Sissman|Consumer|United States|Ormond Beach|Florida|32174|South
TS-21160|Theresa Swint|Corporate|United States|Philadelphia|Pennsylvania|19134|East
TS-21205|Thomas Seio|Corporate|United States|San Francisco|California|94109|West
TS-21340|Toby Swindell|Consumer|United States|San Francisco|California|94109|West
TS-21370|Todd Sumrall|Corporate|United States|Los Angeles|California|90049|West
TS-21430|Tom Stivers|Corporate|United States|Seattle|Washington|98103|West
TS-21505|Tony Sayre|Consumer|United States|Columbia|Tennessee|38401|South
TS-21610|Troy Staebel|Consumer|United States|Springfield|Ohio|45503|East
TS-21655|Trudy Schmidt|Consumer|United States|Rancho Cucamonga|California|91730|West
TT-21070|Ted Trevino|Consumer|United States|Philadelphia|Pennsylvania|19120|East
TT-21220|Thomas Thornton|Consumer|United States|San Francisco|California|94109|West
TT-21265|Tim Taslimi|Corporate|United States|Indianapolis|Indiana|46203|Central
TT-21460|Tonja Turnell|Home Office|United States|Fort Worth|Texas|76106|Central
TW-21025|Tamara Willingham|Home Office|United States|Mesa|Arizona|85204|West
TZ-21580|Tracy Zic|Consumer|United States|Louisville|Colorado|80027|West
VB-21745|Victoria Brennan|Corporate|United States|Houston|Texas|77041|Central
VD-21670|Valerie Dominguez|Consumer|United States|New York City|New York|10011|East
VF-21715|Vicky Freymann|Home Office|United States|Elmhurst|Illinois|60126|Central
VG-21790|Vivek Gonzalez|Consumer|United States|San Francisco|California|94109|West
VG-21805|Vivek Grady|Corporate|United States|Chicago|Illinois|60653|Central
VM-21685|Valerie Mitchum|Home Office|United States|Philadelphia|Pennsylvania|19140|East
VM-21835|Vivian Mathis|Consumer|United States|Boca Raton|Florida|33433|South
VP-21730|Victor Preis|Home Office|United States|Sterling Heights|Michigan|48310|Central
VP-21760|Victoria Pisteka|Corporate|United States|San Francisco|California|94109|West
VS-21820|Vivek Sundaresam|Consumer|United States|Huntsville|Texas|77340|Central
VT-21700|Valerie Takahito|Home Office|United States|Philadelphia|Pennsylvania|19143|East
VW-21775|Victoria Wilson|Corporate|United States|New York City|New York|10011|East
WB-21850|William Brown|Consumer|United States|Concord|California|94521|West
XP-21865|Xylona Preis|Consumer|United States|Westland|Michigan|48185|Central
YC-21895|Yoseph Carroll|Corporate|United States|San Francisco|California|94110|West
YS-21880|Yana Sorensen|Corporate|United States|Newark|Delaware|19711|East
ZC-21910|Zuschuss Carroll|Consumer|United States|Pomona|California|91767|West
ZD-21925|Zuschuss Donatelli|Consumer|United States|Richmond|Indiana|47374|Central
